{
  "id": "",
  "name": "",
  "font_family": "iconfont",
  "css_prefix_text": "icon-",
  "description": "",
  "glyphs": [
    {
      "icon_id": "1306",
      "name": "购物车空",
      "font_class": "gouwuchekong",
      "unicode": "f0179",
      "unicode_decimal": 983417
    },
    {
      "icon_id": "5027",
      "name": "手机",
      "font_class": "shouji",
      "unicode": "3448",
      "unicode_decimal": 13384
    },
    {
      "icon_id": "577393",
      "name": "顶部",
      "font_class": "dingbu",
      "unicode": "e76c",
      "unicode_decimal": 59244
    },
    {
      "icon_id": "2674476",
      "name": "客服",
      "font_class": "kefu",
      "unicode": "e625",
      "unicode_decimal": 58917
    },
    {
      "icon_id": "7385139",
      "name": "我的",
      "font_class": "wode",
      "unicode": "e62d",
      "unicode_decimal": 58925
    },
    {
      "icon_id": "11111026",
      "name": "售后",
      "font_class": "shouhou",
      "unicode": "e681",
      "unicode_decimal": 59009
    }
  ]
}
